lead_id,provider_id,q,distance_km,urgency,zone,reason
L00014,P0194,0.7372386632059504,0.0,none,Z29,"q=0.74, 0.0km"
L00014,P0060,0.43882186538371837,3.605551275463989,none,Z29,"q=0.44, 3.6km"
L00014,P0174,0.24827679996546903,6.4031242374328485,none,Z29,"q=0.25, 6.4km"
L00053,P0207,0.6074933937929864,0.0,deadline,Z30,"q=0.61, 0.0km, priority lead"
L00053,P0140,0.5900215704278415,0.0,deadline,Z30,"q=0.59, 0.0km, priority lead"
L00053,P0144,0.5335312686595455,0.0,deadline,Z30,"q=0.53, 0.0km, priority lead"
L00074,P0150,0.5879762633638671,0.0,deadline,Z26,"q=0.59, 0.0km, priority lead"
L00074,P0005,0.4299966897705134,0.0,deadline,Z26,"q=0.43, 0.0km, priority lead"
L00074,P0027,0.3726747856822507,6.324555320336759,deadline,Z26,"q=0.37, 6.3km, priority lead"
L00089,P0134,0.7993040062022156,0.0,none,Z24,"q=0.80, 0.0km"
L00089,P0024,0.7827099586269035,0.0,none,Z24,"q=0.78, 0.0km"
L00089,P0106,0.6709848237295895,0.0,none,Z24,"q=0.67, 0.0km"
L00105,P0055,0.3873519508645503,0.0,none,Z02,"q=0.39, 0.0km"
L00105,P0149,0.27011959367760746,0.0,none,Z02,"q=0.27, 0.0km"
L00105,P0103,0.17574527378442764,1.4142135623730951,none,Z02,"q=0.18, 1.4km"
L00131,P0080,0.5604469576903359,4.47213595499958,emergency,Z27,"q=0.56, 4.5km, priority lead"
L00131,P0152,0.5483765732697439,4.123105625617661,emergency,Z27,"q=0.55, 4.1km, priority lead"
L00131,P0014,0.5170716468990919,7.211102550927978,emergency,Z27,"q=0.52, 7.2km, priority lead"
L00136,P0163,0.7581392137646249,0.0,deadline,Z13,"q=0.76, 0.0km, priority lead"
L00136,P0164,0.7487340433048673,0.0,deadline,Z13,"q=0.75, 0.0km, priority lead"
L00136,P0162,0.6739539317032046,0.0,deadline,Z13,"q=0.67, 0.0km, priority lead"
L00137,P0073,0.76957032771299,0.0,deadline,Z04,"q=0.77, 0.0km, priority lead"
L00137,P0141,0.6572876443995316,2.23606797749979,deadline,Z04,"q=0.66, 2.2km, priority lead"
L00137,P0008,0.5596774656527032,2.23606797749979,deadline,Z04,"q=0.56, 2.2km, priority lead"
L00153,P0040,0.6525983998103533,4.0,none,Z20,"q=0.65, 4.0km"
L00153,P0156,0.45329741914315164,3.605551275463989,none,Z20,"q=0.45, 3.6km"
L00153,P0031,0.3828540662433023,4.47213595499958,none,Z20,"q=0.38, 4.5km"
L00155,P0211,0.6577972459892005,0.0,none,Z22,"q=0.66, 0.0km"
L00155,P0212,0.4256676055493895,5.0,none,Z22,"q=0.43, 5.0km"
L00155,P0058,0.3207267795844143,4.123105625617661,none,Z22,"q=0.32, 4.1km"
L00169,P0027,0.6845023052158985,0.0,none,Z25,"q=0.68, 0.0km"
L00169,P0165,0.4670314110344804,0.0,none,Z25,"q=0.47, 0.0km"
L00169,P0089,0.4115117357460385,0.0,none,Z25,"q=0.41, 0.0km"
L00171,P0040,0.8761928969914042,0.0,deadline,Z05,"q=0.88, 0.0km, priority lead"
L00171,P0082,0.8111960159416061,0.0,deadline,Z05,"q=0.81, 0.0km, priority lead"
L00171,P0186,0.7973291882212052,0.0,deadline,Z05,"q=0.80, 0.0km, priority lead"
L00176,P0194,0.6684010376574281,4.47213595499958,deadline,Z27,"q=0.67, 4.5km, priority lead"
L00176,P0124,0.5100568739079465,3.605551275463989,deadline,Z27,"q=0.51, 3.6km, priority lead"
L00176,P0199,0.4249663141993883,4.47213595499958,deadline,Z27,"q=0.42, 4.5km, priority lead"
L00188,P0006,0.5325500997606951,2.23606797749979,none,Z01,"q=0.53, 2.2km"
L00188,P0217,0.5110895080732636,2.23606797749979,none,Z01,"q=0.51, 2.2km"
L00188,P0053,0.26737539608536753,8.0,none,Z01,"q=0.27, 8.0km"
L00194,P0101,0.5895479290584906,0.0,none,Z06,"q=0.59, 0.0km"
L00194,P0129,0.43960961877394855,2.0,none,Z06,"q=0.44, 2.0km"
L00194,P0191,0.31904286164984286,2.23606797749979,none,Z06,"q=0.32, 2.2km"
L00226,P0194,0.6740095665990995,3.605551275463989,deadline,Z28,"q=0.67, 3.6km, priority lead"
L00226,P0201,0.6287558042609066,0.0,deadline,Z28,"q=0.63, 0.0km, priority lead"
L00226,P0079,0.4844123236744328,2.8284271247461903,deadline,Z28,"q=0.48, 2.8km, priority lead"
L00242,P0034,0.4055410702229753,4.47213595499958,deadline,Z29,"q=0.41, 4.5km, priority lead"
L00242,P0203,0.32655678732114596,6.4031242374328485,deadline,Z29,"q=0.33, 6.4km, priority lead"
L00242,P0121,0.3085942075418471,6.4031242374328485,deadline,Z29,"q=0.31, 6.4km, priority lead"
L00243,P0051,0.4595229546697174,0.0,none,Z06,"q=0.46, 0.0km"
L00243,P0039,0.4547346981325749,2.23606797749979,none,Z06,"q=0.45, 2.2km"
L00243,P0155,0.3324135664390193,2.0,none,Z06,"q=0.33, 2.0km"
L00272,P0196,0.6831826721043461,2.23606797749979,none,Z12,"q=0.68, 2.2km"
L00272,P0029,0.6341647871077019,3.605551275463989,none,Z12,"q=0.63, 3.6km"
L00272,P0046,0.5675686605338484,3.605551275463989,none,Z12,"q=0.57, 3.6km"
L00281,P0128,0.573405026653646,1.4142135623730951,none,Z17,"q=0.57, 1.4km"
L00281,P0028,0.539006167932853,0.0,none,Z17,"q=0.54, 0.0km"
L00281,P0033,0.3534487604676167,0.0,none,Z17,"q=0.35, 0.0km"
L00295,P0196,0.7542956304820353,0.0,deadline,Z11,"q=0.75, 0.0km, priority lead"
L00295,P0163,0.646672317743044,4.123105625617661,deadline,Z11,"q=0.65, 4.1km, priority lead"
L00295,P0187,0.5694543122350298,2.23606797749979,deadline,Z11,"q=0.57, 2.2km, priority lead"
L00301,P0169,0.8027433050710627,1.4142135623730951,deadline,Z02,"q=0.80, 1.4km, priority lead"
L00301,P0035,0.7927763247296273,0.0,deadline,Z02,"q=0.79, 0.0km, priority lead"
L00301,P0032,0.7244795936687298,2.23606797749979,deadline,Z02,"q=0.72, 2.2km, priority lead"
L00316,P0044,0.537326258686639,2.23606797749979,none,Z12,"q=0.54, 2.2km"
L00316,P0168,0.4954962485277272,2.23606797749979,none,Z12,"q=0.50, 2.2km"
L00316,P0185,0.375591953713701,3.605551275463989,none,Z12,"q=0.38, 3.6km"
L00331,P0111,0.8348766628103405,0.0,deadline,Z24,"q=0.83, 0.0km, priority lead"
L00331,P0104,0.7407415047562105,0.0,deadline,Z24,"q=0.74, 0.0km, priority lead"
L00331,P0105,0.6675698396560991,0.0,deadline,Z24,"q=0.67, 0.0km, priority lead"
L00425,P0173,0.14871667251292986,7.211102550927978,none,Z27,"q=0.15, 7.2km"
L00425,P0005,0.12930132640262787,3.605551275463989,none,Z27,"q=0.13, 3.6km"
L00425,P0160,0.102351307891744,9.899494936611665,none,Z27,"q=0.10, 9.9km"
L00439,P0037,0.6134046131533352,0.0,none,Z25,"q=0.61, 0.0km"
L00439,P0089,0.34588412072409747,0.0,none,Z25,"q=0.35, 0.0km"
L00439,P0005,0.1888946506440805,6.324555320336759,none,Z25,"q=0.19, 6.3km"
L00449,P0077,0.739837226382973,0.0,none,Z07,"q=0.74, 0.0km"
L00449,P0038,0.5580436052686967,3.0,none,Z07,"q=0.56, 3.0km"
L00449,P0095,0.4697934755896055,3.0,none,Z07,"q=0.47, 3.0km"
L00455,P0210,0.8778434628987373,0.0,none,Z08,"q=0.88, 0.0km"
L00455,P0208,0.7100424295990964,0.0,none,Z08,"q=0.71, 0.0km"
L00455,P0110,0.5684256433492437,2.0,none,Z08,"q=0.57, 2.0km"
L00464,P0205,0.7350054538194587,4.0,deadline,Z10,"q=0.74, 4.0km, priority lead"
L00464,P0210,0.7211727740169058,4.0,deadline,Z10,"q=0.72, 4.0km, priority lead"
L00464,P0093,0.3793430329658271,5.0990195135927845,deadline,Z10,"q=0.38, 5.1km, priority lead"
L00478,P0029,0.6014939689963023,5.830951894845301,none,Z11,"q=0.60, 5.8km"
L00478,P0000,0.5220140378273891,3.1622776601683795,none,Z11,"q=0.52, 3.2km"
L00478,P0068,0.46507617096733905,3.1622776601683795,none,Z11,"q=0.47, 3.2km"
L00499,P0099,0.47766061794964076,0.0,none,Z05,"q=0.48, 0.0km"
L00499,P0167,0.3580153021296132,2.0,none,Z05,"q=0.36, 2.0km"
L00499,P0022,0.2964019575020399,2.0,none,Z05,"q=0.30, 2.0km"
L00532,P0094,0.5525510910365086,0.0,deadline,Z27,"q=0.55, 0.0km, priority lead"
L00532,P0034,0.39337382956800093,0.0,deadline,Z27,"q=0.39, 0.0km, priority lead"
L00532,P0085,0.23239567641630945,7.211102550927978,deadline,Z27,"q=0.23, 7.2km, priority lead"
L00540,P0197,0.7244986315158446,0.0,none,Z04,"q=0.72, 0.0km"
L00540,P0119,0.6623917274200644,0.0,none,Z04,"q=0.66, 0.0km"
L00540,P0017,0.6245564971827129,0.0,none,Z04,"q=0.62, 0.0km"
L00547,P0196,0.7143154930032858,3.0,none,Z10,"q=0.71, 3.0km"
L00547,P0076,0.6708095526357293,0.0,none,Z10,"q=0.67, 0.0km"
L00547,P0168,0.5640802833545134,3.0,none,Z10,"q=0.56, 3.0km"
L00574,P0196,0.86638140928716,0.0,emergency,Z11,"q=0.87, 0.0km, priority lead"
L00574,P0198,0.8359133285470475,0.0,emergency,Z11,"q=0.84, 0.0km, priority lead"
L00574,P0168,0.7806642939428708,0.0,emergency,Z11,"q=0.78, 0.0km, priority lead"
L00584,P0099,0.7186255243131259,0.0,deadline,Z05,"q=0.72, 0.0km, priority lead"
L00584,P0167,0.6228613253547574,2.0,deadline,Z05,"q=0.62, 2.0km, priority lead"
L00584,P0112,0.5038613230065605,2.0,deadline,Z05,"q=0.50, 2.0km, priority lead"
L00602,P0076,0.7741675328622049,0.0,emergency,Z10,"q=0.77, 0.0km, priority lead"
L00602,P0198,0.7460305808928331,3.0,emergency,Z10,"q=0.75, 3.0km, priority lead"
L00602,P0065,0.5176753427816619,0.0,emergency,Z10,"q=0.52, 0.0km, priority lead"
L00650,P0212,0.8918067493602966,0.0,deadline,Z24,"q=0.89, 0.0km, priority lead"
L00650,P0070,0.7463016050099804,0.0,deadline,Z24,"q=0.75, 0.0km, priority lead"
L00650,P0172,0.7018561924904186,0.0,deadline,Z24,"q=0.70, 0.0km, priority lead"
L00652,P0078,0.5569955463094486,0.0,none,Z17,"q=0.56, 0.0km"
L00652,P0114,0.5440452719434469,2.23606797749979,none,Z17,"q=0.54, 2.2km"
L00652,P0133,0.3402918231942748,0.0,none,Z17,"q=0.34, 0.0km"
L00671,P0181,0.5011564169156119,3.605551275463989,none,Z02,"q=0.50, 3.6km"
L00671,P0064,0.3801474469866996,7.0710678118654755,none,Z02,"q=0.38, 7.1km"
L00671,P0177,0.36575560777473454,3.605551275463989,none,Z02,"q=0.37, 3.6km"
L00687,P0116,0.5746512031920729,1.4142135623730951,none,Z01,"q=0.57, 1.4km"
L00687,P0064,0.5451771672085141,7.211102550927978,none,Z01,"q=0.55, 7.2km"
L00687,P0093,0.3447800759147261,4.47213595499958,none,Z01,"q=0.34, 4.5km"
L00707,P0101,0.6714864376383362,2.0,none,Z05,"q=0.67, 2.0km"
L00707,P0167,0.5679795244915201,2.0,none,Z05,"q=0.57, 2.0km"
L00707,P0057,0.4177251907592008,0.0,none,Z05,"q=0.42, 0.0km"
L00716,P0078,0.7200162845979063,0.0,emergency,Z17,"q=0.72, 0.0km, priority lead"
L00716,P0114,0.6931264572122894,2.23606797749979,emergency,Z17,"q=0.69, 2.2km, priority lead"
L00716,P0028,0.6801727899896745,0.0,emergency,Z17,"q=0.68, 0.0km, priority lead"
L00718,P0119,0.8272553068276277,0.0,emergency,Z04,"q=0.83, 0.0km, priority lead"
L00718,P0073,0.7459319921351868,0.0,emergency,Z04,"q=0.75, 0.0km, priority lead"
L00718,P0215,0.5424008391649076,5.0990195135927845,emergency,Z04,"q=0.54, 5.1km, priority lead"
L00743,P0173,0.7238849695184355,0.0,none,Z22,"q=0.72, 0.0km"
L00743,P0109,0.5502905146666246,0.0,none,Z22,"q=0.55, 0.0km"
L00743,P0015,0.4208292389746333,5.0,none,Z22,"q=0.42, 5.0km"
L00756,P0073,0.6532883613122947,0.0,none,Z04,"q=0.65, 0.0km"
L00756,P0170,0.5800896634323851,0.0,none,Z04,"q=0.58, 0.0km"
L00756,P0025,0.3956481878532407,3.605551275463989,none,Z04,"q=0.40, 3.6km"
L00778,P0082,0.6667249147979849,0.0,deadline,Z05,"q=0.67, 0.0km, priority lead"
L00778,P0115,0.4716551608393827,1.4142135623730951,deadline,Z05,"q=0.47, 1.4km, priority lead"
L00778,P0131,0.4257589576520048,2.0,deadline,Z05,"q=0.43, 2.0km, priority lead"
L00793,P0160,0.5084849633698587,0.0,none,Z30,"q=0.51, 0.0km"
L00793,P0063,0.4493693023594728,0.0,none,Z30,"q=0.45, 0.0km"
L00793,P0207,0.42902517381657834,0.0,none,Z30,"q=0.43, 0.0km"
L00803,P0004,0.58358183688102,0.0,none,Z13,"q=0.58, 0.0km"
L00803,P0154,0.438293324653139,4.123105625617661,none,Z13,"q=0.44, 4.1km"
L00803,P0026,0.3695380202779465,0.0,none,Z13,"q=0.37, 0.0km"
L00816,P0117,0.8628612280622462,0.0,none,Z05,"q=0.86, 0.0km"
L00816,P0082,0.7737307584894085,0.0,none,Z05,"q=0.77, 0.0km"
L00816,P0051,0.5786878602183038,2.0,none,Z05,"q=0.58, 2.0km"
L00862,P0032,0.6946724734114927,0.0,emergency,Z03,"q=0.69, 0.0km, priority lead"
L00862,P0126,0.6564738377675119,0.0,emergency,Z03,"q=0.66, 0.0km, priority lead"
L00862,P0138,0.585037127366176,3.1622776601683795,emergency,Z03,"q=0.59, 3.2km, priority lead"
L00886,P0205,0.6790549120486158,0.0,none,Z08,"q=0.68, 0.0km"
L00886,P0208,0.6033889427837513,0.0,none,Z08,"q=0.60, 0.0km"
L00886,P0110,0.5127925468317568,2.0,none,Z08,"q=0.51, 2.0km"
L00890,P0218,0.7822789406904009,0.0,deadline,Z14,"q=0.78, 0.0km, priority lead"
L00890,P0072,0.7624678589950608,0.0,deadline,Z14,"q=0.76, 0.0km, priority lead"
L00890,P0120,0.7067813041943508,0.0,deadline,Z14,"q=0.71, 0.0km, priority lead"
L00895,P0091,0.40919983017066114,0.0,none,Z25,"q=0.41, 0.0km"
L00895,P0102,0.3409895513930615,0.0,none,Z25,"q=0.34, 0.0km"
L00895,P0165,0.3381699545406928,0.0,none,Z25,"q=0.34, 0.0km"
L00935,P0080,0.40243960710214205,4.47213595499958,none,Z27,"q=0.40, 4.5km"
L00935,P0176,0.3764277952116819,7.211102550927978,none,Z27,"q=0.38, 7.2km"
L00935,P0066,0.3582898196044277,4.123105625617661,none,Z27,"q=0.36, 4.1km"
L00939,P0164,0.7440465931212538,0.0,deadline,Z13,"q=0.74, 0.0km, priority lead"
L00939,P0218,0.6813381900605131,4.123105625617661,deadline,Z13,"q=0.68, 4.1km, priority lead"
L00939,P0163,0.6555204385401869,0.0,deadline,Z13,"q=0.66, 0.0km, priority lead"
L00993,P0055,0.7034512016907352,0.0,none,Z02,"q=0.70, 0.0km"
L00993,P0081,0.47545480021371556,6.082762530298219,none,Z02,"q=0.48, 6.1km"
L00993,P0103,0.38299688393472353,1.4142135623730951,none,Z02,"q=0.38, 1.4km"
L00994,P0180,0.6511547505575053,0.0,emergency,Z29,"q=0.65, 0.0km, priority lead"
L00994,P0023,0.5672468544570565,3.605551275463989,emergency,Z29,"q=0.57, 3.6km, priority lead"
L00994,P0178,0.5353478806880871,3.605551275463989,emergency,Z29,"q=0.54, 3.6km, priority lead"
L01019,P0205,0.764400763391323,3.605551275463989,deadline,Z07,"q=0.76, 3.6km, priority lead"
L01019,P0210,0.762389263832658,3.605551275463989,deadline,Z07,"q=0.76, 3.6km, priority lead"
L01019,P0096,0.37967817869177445,3.605551275463989,deadline,Z07,"q=0.38, 3.6km, priority lead"
L01025,P0194,0.758123852215248,0.0,deadline,Z29,"q=0.76, 0.0km, priority lead"
L01025,P0199,0.6066138228997351,0.0,deadline,Z29,"q=0.61, 0.0km, priority lead"
L01025,P0151,0.5629159590337084,5.0,deadline,Z29,"q=0.56, 5.0km, priority lead"
L01028,P0208,0.8095913023637159,0.0,deadline,Z08,"q=0.81, 0.0km, priority lead"
L01028,P0188,0.7985893589298233,0.0,deadline,Z08,"q=0.80, 0.0km, priority lead"
L01028,P0153,0.7209593388317785,2.0,deadline,Z08,"q=0.72, 2.0km, priority lead"
L01060,P0023,0.5416687794692417,4.123105625617661,none,Z27,"q=0.54, 4.1km"
L01060,P0034,0.5135605943476792,0.0,none,Z27,"q=0.51, 0.0km"
L01060,P0178,0.4754777160592648,4.123105625617661,none,Z27,"q=0.48, 4.1km"
L01066,P0114,0.5225255527340728,4.123105625617661,deadline,Z05,"q=0.52, 4.1km, priority lead"
L01066,P0115,0.5142611666976896,1.4142135623730951,deadline,Z05,"q=0.51, 1.4km, priority lead"
L01066,P0131,0.39142164767674764,2.0,deadline,Z05,"q=0.39, 2.0km, priority lead"
L01091,P0077,0.6386742749167819,0.0,none,Z07,"q=0.64, 0.0km"
L01091,P0151,0.5051341560041119,3.0,none,Z07,"q=0.51, 3.0km"
L01091,P0087,0.45664023709032314,3.605551275463989,none,Z07,"q=0.46, 3.6km"
L01110,P0125,0.8490594639140544,0.0,deadline,Z17,"q=0.85, 0.0km, priority lead"
L01110,P0181,0.8323153198439887,2.0,deadline,Z17,"q=0.83, 2.0km, priority lead"
L01110,P0177,0.7402807798546442,2.0,deadline,Z17,"q=0.74, 2.0km, priority lead"
L01111,P0134,0.6508765169117159,0.0,none,Z24,"q=0.65, 0.0km"
L01111,P0024,0.6277259355092761,0.0,none,Z24,"q=0.63, 0.0km"
L01111,P0061,0.48966966912533266,4.0,none,Z24,"q=0.49, 4.0km"
L01142,P0195,0.5720219909919616,0.0,none,Z03,"q=0.57, 0.0km"
L01142,P0044,0.4314099309593678,0.0,none,Z03,"q=0.43, 0.0km"
L01142,P0000,0.3868434382815625,0.0,none,Z03,"q=0.39, 0.0km"
L01160,P0206,0.7983657786772259,0.0,deadline,Z23,"q=0.80, 0.0km, priority lead"
L01160,P0012,0.781794715422754,0.0,deadline,Z23,"q=0.78, 0.0km, priority lead"
L01160,P0050,0.5097611614587549,0.0,deadline,Z23,"q=0.51, 0.0km, priority lead"
L01163,P0120,0.8260479587713734,0.0,none,Z14,"q=0.83, 0.0km"
L01163,P0113,0.8151868639541561,0.0,none,Z14,"q=0.82, 0.0km"
L01163,P0046,0.7681858234569005,0.0,none,Z14,"q=0.77, 0.0km"
L01171,P0075,0.8595937963131621,0.0,emergency,Z15,"q=0.86, 0.0km, priority lead"
L01171,P0182,0.8011880468693426,0.0,emergency,Z15,"q=0.80, 0.0km, priority lead"
L01171,P0054,0.7696541193366981,0.0,emergency,Z15,"q=0.77, 0.0km, priority lead"
L01183,P0150,0.4918957181261124,0.0,deadline,Z26,"q=0.49, 0.0km, priority lead"
L01183,P0145,0.47422993361835253,0.0,deadline,Z26,"q=0.47, 0.0km, priority lead"
L01183,P0036,0.2881832717291692,0.0,deadline,Z26,"q=0.29, 0.0km, priority lead"
L01193,P0058,0.7681766369197143,0.0,emergency,Z23,"q=0.77, 0.0km, priority lead"
L01193,P0214,0.7611874115834915,0.0,emergency,Z23,"q=0.76, 0.0km, priority lead"
L01193,P0111,0.692514636705792,4.0,emergency,Z23,"q=0.69, 4.0km, priority lead"
L01218,P0012,0.6433379362985148,0.0,none,Z23,"q=0.64, 0.0km"
L01218,P0206,0.6256360637770613,0.0,none,Z23,"q=0.63, 0.0km"
L01218,P0041,0.6232421746983943,0.0,none,Z23,"q=0.62, 0.0km"
L01233,P0137,0.7752109248976298,0.0,none,Z01,"q=0.78, 0.0km"
L01233,P0000,0.6452255988587735,2.23606797749979,none,Z01,"q=0.65, 2.2km"
L01233,P0103,0.6309826714035636,0.0,none,Z01,"q=0.63, 0.0km"
L01241,P0164,0.533760881579108,0.0,none,Z13,"q=0.53, 0.0km"
L01241,P0163,0.4913030848716585,0.0,none,Z13,"q=0.49, 0.0km"
L01241,P0062,0.35162117235696766,4.123105625617661,none,Z13,"q=0.35, 4.1km"
L01274,P0084,0.8172109091735079,0.0,deadline,Z19,"q=0.82, 0.0km, priority lead"
L01274,P0039,0.815259955296539,0.0,deadline,Z19,"q=0.82, 0.0km, priority lead"
L01274,P0051,0.6880112438357943,2.23606797749979,deadline,Z19,"q=0.69, 2.2km, priority lead"
L01282,P0072,0.8143978048784597,0.0,emergency,Z14,"q=0.81, 0.0km, priority lead"
L01282,P0218,0.8136831699794348,0.0,emergency,Z14,"q=0.81, 0.0km, priority lead"
L01282,P0030,0.6957498604414035,0.0,emergency,Z14,"q=0.70, 0.0km, priority lead"
L01288,P0120,0.826033207984315,0.0,none,Z14,"q=0.83, 0.0km"
L01288,P0113,0.815171850571994,0.0,none,Z14,"q=0.82, 0.0km"
L01288,P0003,0.668498577938149,0.0,none,Z14,"q=0.67, 0.0km"
L01307,P0020,0.7445605338721027,0.0,none,Z16,"q=0.74, 0.0km"
L01307,P0016,0.5916149293101747,0.0,none,Z16,"q=0.59, 0.0km"
L01307,P0179,0.5376082713928589,0.0,none,Z16,"q=0.54, 0.0km"
L01351,P0169,0.3574635189776325,3.605551275463989,none,Z05,"q=0.36, 3.6km"
L01351,P0157,0.3369422926224861,2.0,none,Z05,"q=0.34, 2.0km"
L01351,P0112,0.2885615980999572,2.0,none,Z05,"q=0.29, 2.0km"
L01376,P0071,0.5751145587657093,0.0,none,Z06,"q=0.58, 0.0km"
L01376,P0131,0.33324506697801165,2.8284271247461903,none,Z06,"q=0.33, 2.8km"
L01376,P0115,0.2608093689172692,3.1622776601683795,none,Z06,"q=0.26, 3.2km"
L01379,P0002,0.7473744383445483,0.0,none,Z20,"q=0.75, 0.0km"
L01379,P0155,0.6971439463645264,0.0,none,Z20,"q=0.70, 0.0km"
L01379,P0161,0.5325164947386161,0.0,none,Z20,"q=0.53, 0.0km"
L01387,P0098,0.5841598803469177,0.0,none,Z20,"q=0.58, 0.0km"
L01387,P0181,0.538698495154715,4.0,none,Z20,"q=0.54, 4.0km"
L01387,P0177,0.34638366392811826,4.0,none,Z20,"q=0.35, 4.0km"
L01400,P0091,0.4549905496948108,0.0,none,Z25,"q=0.45, 0.0km"
L01400,P0102,0.38410161393291553,0.0,none,Z25,"q=0.38, 0.0km"
L01400,P0100,0.29001808353266423,0.0,none,Z25,"q=0.29, 0.0km"
L01427,P0091,0.22473135734853616,6.324555320336759,emergency,Z26,"q=0.22, 6.3km, priority lead"
L01427,P0102,0.21821596161487083,6.324555320336759,emergency,Z26,"q=0.22, 6.3km, priority lead"
L01427,P0045,0.11006823789644876,11.180339887498949,emergency,Z26,"q=0.11, 11.2km, priority lead"
L01538,P0092,0.42307963439774343,0.0,none,Z26,"q=0.42, 0.0km"
L01538,P0124,0.4135014040328339,0.0,none,Z26,"q=0.41, 0.0km"
L01538,P0047,0.29468541287025507,3.605551275463989,none,Z26,"q=0.29, 3.6km"
L01565,P0059,0.6383150320180659,2.8284271247461903,deadline,Z28,"q=0.64, 2.8km, priority lead"
L01565,P0210,0.48798380662019825,7.0710678118654755,deadline,Z28,"q=0.49, 7.1km, priority lead"
L01565,P0005,0.2161730489533263,7.211102550927978,deadline,Z28,"q=0.22, 7.2km, priority lead"
L01576,P0158,0.7649871761575607,0.0,deadline,Z16,"q=0.76, 0.0km, priority lead"
L01576,P0010,0.7404879678648061,0.0,deadline,Z16,"q=0.74, 0.0km, priority lead"
L01576,P0028,0.6237670509418306,2.23606797749979,deadline,Z16,"q=0.62, 2.2km, priority lead"
L01619,P0054,0.8063665776796481,0.0,emergency,Z15,"q=0.81, 0.0km, priority lead"
L01619,P0069,0.8020076591217404,0.0,emergency,Z15,"q=0.80, 0.0km, priority lead"
L01619,P0108,0.7214379962452588,0.0,emergency,Z15,"q=0.72, 0.0km, priority lead"
L01648,P0017,0.6874477428122867,0.0,none,Z04,"q=0.69, 0.0km"
L01648,P0073,0.6139312751269654,0.0,none,Z04,"q=0.61, 0.0km"
L01648,P0035,0.43097003268861395,3.1622776601683795,none,Z04,"q=0.43, 3.2km"
L01669,P0195,0.7815130102614579,0.0,none,Z03,"q=0.78, 0.0km"
L01669,P0126,0.49251588097532717,0.0,none,Z03,"q=0.49, 0.0km"
L01669,P0032,0.4920443672323586,0.0,none,Z03,"q=0.49, 0.0km"
L01682,P0214,0.6605311353966515,4.123105625617661,deadline,Z22,"q=0.66, 4.1km, priority lead"
L01682,P0111,0.5753607234891822,5.0,deadline,Z22,"q=0.58, 5.0km, priority lead"
L01682,P0058,0.5489603500705503,4.123105625617661,deadline,Z22,"q=0.55, 4.1km, priority lead"
L01703,P0098,0.5567735671285888,2.23606797749979,none,Z19,"q=0.56, 2.2km"
L01703,P0170,0.40895670128700856,4.47213595499958,none,Z19,"q=0.41, 4.5km"
L01703,P0056,0.2494021371047737,3.0,none,Z19,"q=0.25, 3.0km"
L01728,P0092,0.6865622133217536,0.0,deadline,Z26,"q=0.69, 0.0km, priority lead"
L01728,P0102,0.49231286840191957,6.324555320336759,deadline,Z26,"q=0.49, 6.3km, priority lead"
L01728,P0018,0.4660503237742007,0.0,deadline,Z26,"q=0.47, 0.0km, priority lead"
L01759,P0038,0.44511327222854064,0.0,none,Z09,"q=0.45, 0.0km"
L01759,P0095,0.4315492734535249,0.0,none,Z09,"q=0.43, 0.0km"
L01759,P0153,0.3374826926621291,0.0,none,Z09,"q=0.34, 0.0km"
L01769,P0009,0.7650554741279268,2.23606797749979,emergency,Z12,"q=0.77, 2.2km, priority lead"
L01769,P0154,0.6102176508288831,3.605551275463989,emergency,Z12,"q=0.61, 3.6km, priority lead"
L01769,P0204,0.5598626992638415,3.605551275463989,emergency,Z12,"q=0.56, 3.6km, priority lead"
L01770,P0013,0.8056581618748615,0.0,deadline,Z23,"q=0.81, 0.0km, priority lead"
L01770,P0012,0.7701257035576359,0.0,deadline,Z23,"q=0.77, 0.0km, priority lead"
L01770,P0127,0.6937669020595489,0.0,deadline,Z23,"q=0.69, 0.0km, priority lead"
L01805,P0150,0.3503341898751874,3.605551275463989,none,Z27,"q=0.35, 3.6km"
L01805,P0005,0.3343838014109487,3.605551275463989,none,Z27,"q=0.33, 3.6km"
L01806,P0000,0.34529880054282286,2.23606797749979,none,Z12,"q=0.35, 2.2km"
L01806,P0052,0.28599477037684434,2.23606797749979,none,Z12,"q=0.29, 2.2km"
L01806,P0143,0.20572524721450203,2.8284271247461903,none,Z12,"q=0.21, 2.8km"
L01836,P0134,0.665965041267636,0.0,none,Z24,"q=0.67, 0.0km"
L01836,P0024,0.6432490395056449,0.0,none,Z24,"q=0.64, 0.0km"
L01836,P0049,0.5911307349616516,0.0,none,Z24,"q=0.59, 0.0km"
L01871,P0009,0.7042507403527664,2.23606797749979,deadline,Z12,"q=0.70, 2.2km, priority lead"
L01871,P0067,0.6307092249222107,0.0,deadline,Z12,"q=0.63, 0.0km, priority lead"
L01871,P0029,0.6242312809324928,3.605551275463989,deadline,Z12,"q=0.62, 3.6km, priority lead"
L01881,P0195,0.8151810185017565,0.0,none,Z03,"q=0.82, 0.0km"
L01881,P0009,0.7565173837814094,0.0,none,Z03,"q=0.76, 0.0km"
L01881,P0044,0.690011726566721,0.0,none,Z03,"q=0.69, 0.0km"
L01895,P0074,0.6670896082202157,0.0,none,Z21,"q=0.67, 0.0km"
L01895,P0059,0.6631775389796573,0.0,none,Z21,"q=0.66, 0.0km"
L01895,P0079,0.44479451969207223,0.0,none,Z21,"q=0.44, 0.0km"
L01902,P0039,0.6967959083236053,0.0,none,Z19,"q=0.70, 0.0km"
L01902,P0191,0.6473862214899472,0.0,none,Z19,"q=0.65, 0.0km"
L01902,P0025,0.5244234497319715,2.23606797749979,none,Z19,"q=0.52, 2.2km"
L01911,P0069,0.6161628249126297,0.0,none,Z15,"q=0.62, 0.0km"
L01911,P0108,0.6025776756537369,0.0,none,Z15,"q=0.60, 0.0km"
L01911,P0075,0.5790046691909067,0.0,none,Z15,"q=0.58, 0.0km"
L01917,P0173,0.634946668325961,0.0,none,Z22,"q=0.63, 0.0km"
L01917,P0042,0.5167481949145302,0.0,none,Z22,"q=0.52, 0.0km"
L01917,P0190,0.45642929533614396,3.0,none,Z22,"q=0.46, 3.0km"
L01943,P0215,0.4717006634753975,0.0,none,Z09,"q=0.47, 0.0km"
L01943,P0110,0.4572851770901068,0.0,none,Z09,"q=0.46, 0.0km"
L01943,P0135,0.3373950386833179,2.0,none,Z09,"q=0.34, 2.0km"
L01964,P0190,0.6248909531647057,0.0,deadline,Z21,"q=0.62, 0.0km, priority lead"
L01964,P0183,0.5284132377795688,0.0,deadline,Z21,"q=0.53, 0.0km, priority lead"
L01964,P0007,0.47456680831840237,0.0,deadline,Z21,"q=0.47, 0.0km, priority lead"
L01988,P0180,0.6227583835072996,0.0,deadline,Z29,"q=0.62, 0.0km, priority lead"
L01988,P0023,0.41883406739908047,3.605551275463989,deadline,Z29,"q=0.42, 3.6km, priority lead"
L01988,P0178,0.3878260397323399,3.605551275463989,deadline,Z29,"q=0.39, 3.6km, priority lead"
L02011,P0027,0.7186379806383855,0.0,emergency,Z25,"q=0.72, 0.0km, priority lead"
L02011,P0165,0.6239450170820259,0.0,emergency,Z25,"q=0.62, 0.0km, priority lead"
L02011,P0089,0.45150782807529893,0.0,emergency,Z25,"q=0.45, 0.0km, priority lead"
L02014,P0194,0.6277994942961139,0.0,none,Z29,"q=0.63, 0.0km"
L02014,P0199,0.3959129654882511,0.0,none,Z29,"q=0.40, 0.0km"
L02014,P0097,0.16432445410493035,6.4031242374328485,none,Z29,"q=0.16, 6.4km"
L02051,P0086,0.7216837443776385,2.23606797749979,deadline,Z02,"q=0.72, 2.2km, priority lead"
L02051,P0035,0.7109921973168336,0.0,deadline,Z02,"q=0.71, 0.0km, priority lead"
L02051,P0187,0.5105525344328283,4.242640687119285,deadline,Z02,"q=0.51, 4.2km, priority lead"
L02067,P0094,0.6307264526384626,0.0,deadline,Z27,"q=0.63, 0.0km, priority lead"
L02067,P0023,0.47502380278239165,4.123105625617661,deadline,Z27,"q=0.48, 4.1km, priority lead"
L02067,P0178,0.4430020060831454,4.123105625617661,deadline,Z27,"q=0.44, 4.1km, priority lead"
L02076,P0219,0.7436218926753232,0.0,emergency,Z28,"q=0.74, 0.0km, priority lead"
L02076,P0079,0.48911120945350445,2.8284271247461903,emergency,Z28,"q=0.49, 2.8km, priority lead"
L02076,P0199,0.4058051346066382,3.605551275463989,emergency,Z28,"q=0.41, 3.6km, priority lead"
L02100,P0064,0.5164205892821162,4.123105625617661,none,Z11,"q=0.52, 4.1km"
L02100,P0164,0.46909861996948826,4.123105625617661,none,Z11,"q=0.47, 4.1km"
L02100,P0217,0.46905324608462967,3.1622776601683795,none,Z11,"q=0.47, 3.2km"
L02123,P0209,0.7952795638985493,0.0,deadline,Z24,"q=0.80, 0.0km, priority lead"
L02123,P0134,0.7817226332946992,0.0,deadline,Z24,"q=0.78, 0.0km, priority lead"
L02123,P0088,0.7806376449254315,0.0,deadline,Z24,"q=0.78, 0.0km, priority lead"
L02143,P0086,0.7554972956599956,0.0,deadline,Z03,"q=0.76, 0.0km, priority lead"
L02143,P0187,0.6199951347000762,2.23606797749979,deadline,Z03,"q=0.62, 2.2km, priority lead"
L02143,P0090,0.5585299174781629,4.0,deadline,Z03,"q=0.56, 4.0km, priority lead"
L02202,P0075,0.7637082435608264,0.0,deadline,Z15,"q=0.76, 0.0km, priority lead"
L02202,P0202,0.7285530374560042,0.0,deadline,Z15,"q=0.73, 0.0km, priority lead"
L02202,P0069,0.6496539903456424,0.0,deadline,Z15,"q=0.65, 0.0km, priority lead"
L02222,P0200,0.6830666811897227,0.0,none,Z11,"q=0.68, 0.0km"
L02222,P0168,0.5852028554399731,0.0,none,Z11,"q=0.59, 0.0km"
L02222,P0043,0.4269462431340129,0.0,none,Z11,"q=0.43, 0.0km"
L02234,P0153,0.6281556849800054,0.0,none,Z09,"q=0.63, 0.0km"
L02234,P0188,0.5897282601128065,2.0,none,Z09,"q=0.59, 2.0km"
L02234,P0166,0.5530086684720497,2.0,none,Z09,"q=0.55, 2.0km"
L02241,P0035,0.2892555588073706,4.123105625617661,none,Z18,"q=0.29, 4.1km"
L02241,P0057,0.16836798286071314,1.4142135623730951,none,Z18,"q=0.17, 1.4km"
L02241,P0191,0.16053714320516926,4.123105625617661,none,Z18,"q=0.16, 4.1km"
L02259,P0129,0.6507746290317047,0.0,deadline,Z20,"q=0.65, 0.0km, priority lead"
L02259,P0192,0.591679873447867,2.23606797749979,deadline,Z20,"q=0.59, 2.2km, priority lead"
L02259,P0191,0.3775175871423324,2.23606797749979,deadline,Z20,"q=0.38, 2.2km, priority lead"
L02276,P0160,0.6550600710599762,0.0,emergency,Z30,"q=0.66, 0.0km, priority lead"
L02276,P0063,0.5997454618543444,0.0,emergency,Z30,"q=0.60, 0.0km, priority lead"
L02276,P0207,0.5508719680327371,0.0,emergency,Z30,"q=0.55, 0.0km, priority lead"
L02297,P0169,0.7295321511615835,0.0,deadline,Z01,"q=0.73, 0.0km, priority lead"
L02297,P0032,0.6225523865067374,2.23606797749979,deadline,Z01,"q=0.62, 2.2km, priority lead"
L02297,P0163,0.537595331022751,7.211102550927978,deadline,Z01,"q=0.54, 7.2km, priority lead"
L02305,P0119,0.830760887471192,0.0,none,Z04,"q=0.83, 0.0km"
L02305,P0073,0.7648300135287693,0.0,none,Z04,"q=0.76, 0.0km"
L02305,P0008,0.49796997532974563,2.23606797749979,none,Z04,"q=0.50, 2.2km"
L02310,P0016,0.45506952124380506,2.23606797749979,none,Z17,"q=0.46, 2.2km"
L02310,P0179,0.4013149604727338,2.23606797749979,none,Z17,"q=0.40, 2.2km"
L02310,P0130,0.3769470170666647,0.0,none,Z17,"q=0.38, 0.0km"
L02342,P0011,0.5507618707334291,0.0,none,Z30,"q=0.55, 0.0km"
L02356,P0071,0.6436737700392925,0.0,none,Z06,"q=0.64, 0.0km"
L02356,P0039,0.6074026660845933,2.23606797749979,none,Z06,"q=0.61, 2.2km"
L02356,P0051,0.569420140332516,0.0,none,Z06,"q=0.57, 0.0km"
L02358,P0059,0.6835588097579507,0.0,none,Z21,"q=0.68, 0.0km"
L02358,P0048,0.634544327186145,0.0,none,Z21,"q=0.63, 0.0km"
L02358,P0111,0.37489127091599145,7.211102550927978,none,Z21,"q=0.37, 7.2km"
L02372,P0059,0.6045106364114297,2.8284271247461903,none,Z28,"q=0.60, 2.8km"
L02372,P0013,0.33920205274677834,7.211102550927978,none,Z28,"q=0.34, 7.2km"
L02372,P0079,0.31562400370541505,2.8284271247461903,none,Z28,"q=0.32, 2.8km"
L02378,P0040,0.6085050783494176,2.0,none,Z17,"q=0.61, 2.0km"
L02378,P0010,0.483206119301789,2.23606797749979,none,Z17,"q=0.48, 2.2km"
L02378,P0000,0.3049366299647212,7.211102550927978,none,Z17,"q=0.30, 7.2km"
L02411,P0016,0.42983829132096985,3.0,none,Z18,"q=0.43, 3.0km"
L02411,P0169,0.41984066005300447,3.605551275463989,none,Z18,"q=0.42, 3.6km"
L02411,P0179,0.3769677509278423,3.0,none,Z18,"q=0.38, 3.0km"
L02454,P0020,0.7414835629976637,2.23606797749979,deadline,Z17,"q=0.74, 2.2km, priority lead"
L02454,P0028,0.6707900288049211,0.0,deadline,Z17,"q=0.67, 0.0km, priority lead"
L02454,P0130,0.6243578275797398,0.0,deadline,Z17,"q=0.62, 0.0km, priority lead"
L02463,P0038,0.7694669918912989,0.0,none,Z09,"q=0.77, 0.0km"
L02463,P0153,0.6823849351855158,0.0,none,Z09,"q=0.68, 0.0km"
L02463,P0095,0.5928778941420669,0.0,none,Z09,"q=0.59, 0.0km"
L02472,P0136,0.34209899815325573,0.0,none,Z19,"q=0.34, 0.0km"
L02472,P0122,0.2782033544548426,2.23606797749979,none,Z19,"q=0.28, 2.2km"
L02472,P0025,0.2692107983006112,2.23606797749979,none,Z19,"q=0.27, 2.2km"
L02499,P0117,0.7252200523214629,1.4142135623730951,deadline,Z18,"q=0.73, 1.4km, priority lead"
L02499,P0128,0.7199941356726327,0.0,deadline,Z18,"q=0.72, 0.0km, priority lead"
L02499,P0033,0.4067103070280716,1.4142135623730951,deadline,Z18,"q=0.41, 1.4km, priority lead"
L02502,P0020,0.5372947610504515,3.0,deadline,Z18,"q=0.54, 3.0km, priority lead"
L02502,P0035,0.44861745856457924,4.123105625617661,deadline,Z18,"q=0.45, 4.1km, priority lead"
L02502,P0191,0.3884469638647774,4.123105625617661,deadline,Z18,"q=0.39, 4.1km, priority lead"
L02511,P0009,0.8415980269581873,2.23606797749979,deadline,Z01,"q=0.84, 2.2km, priority lead"
L02511,P0055,0.7868794938432472,1.4142135623730951,deadline,Z01,"q=0.79, 1.4km, priority lead"
L02511,P0103,0.7006385455104881,0.0,deadline,Z01,"q=0.70, 0.0km, priority lead"
L02527,P0132,0.6821552374560024,0.0,none,Z03,"q=0.68, 0.0km"
L02527,P0171,0.559320117001933,0.0,none,Z03,"q=0.56, 0.0km"
L02527,P0064,0.46919447960893573,5.0,none,Z03,"q=0.47, 5.0km"
L02533,P0147,0.47964909240921816,0.0,none,Z08,"q=0.48, 0.0km"
L02533,P0188,0.45762203193659484,0.0,none,Z08,"q=0.46, 0.0km"
L02533,P0095,0.38863288830393344,2.0,none,Z08,"q=0.39, 2.0km"
L02583,P0002,0.7851138261198704,0.0,deadline,Z20,"q=0.79, 0.0km, priority lead"
L02583,P0155,0.6386517609462133,0.0,deadline,Z20,"q=0.64, 0.0km, priority lead"
L02583,P0141,0.5791846055926514,4.47213595499958,deadline,Z20,"q=0.58, 4.5km, priority lead"
L02597,P0039,0.6967493099165158,0.0,none,Z19,"q=0.70, 0.0km"
L02597,P0051,0.534491972402507,2.23606797749979,none,Z19,"q=0.53, 2.2km"
L02597,P0131,0.421259725705271,3.0,none,Z19,"q=0.42, 3.0km"
L02612,P0195,0.8373232576517194,0.0,none,Z03,"q=0.84, 0.0km"
L02612,P0009,0.8237420581992962,0.0,none,Z03,"q=0.82, 0.0km"
L02612,P0044,0.7701024812767603,0.0,none,Z03,"q=0.77, 0.0km"
L02625,P0037,0.5597803038879838,0.0,none,Z25,"q=0.56, 0.0km"
L02625,P0089,0.24743165385147756,0.0,none,Z25,"q=0.25, 0.0km"
L02625,P0173,0.24214192417836172,7.810249675906654,none,Z25,"q=0.24, 7.8km"
L02631,P0020,0.6443923621531252,0.0,none,Z16,"q=0.64, 0.0km"
L02631,P0179,0.41950555295950626,0.0,none,Z16,"q=0.42, 0.0km"
L02631,P0112,0.41347854184580446,2.23606797749979,none,Z16,"q=0.41, 2.2km"
L02633,P0116,0.6848435633701573,0.0,none,Z02,"q=0.68, 0.0km"
L02633,P0006,0.5412946513171705,2.23606797749979,none,Z02,"q=0.54, 2.2km"
L02633,P0217,0.49308344137440696,2.23606797749979,none,Z02,"q=0.49, 2.2km"
L02655,P0196,0.8680638400089672,0.0,deadline,Z11,"q=0.87, 0.0km, priority lead"
L02655,P0198,0.8673495347183254,0.0,deadline,Z11,"q=0.87, 0.0km, priority lead"
L02655,P0168,0.8531368705727312,0.0,deadline,Z11,"q=0.85, 0.0km, priority lead"
L02679,P0037,0.6863172370657248,0.0,none,Z25,"q=0.69, 0.0km"
L02679,P0165,0.45948463904974746,0.0,none,Z25,"q=0.46, 0.0km"
L02679,P0145,0.2809656278164659,6.324555320336759,none,Z25,"q=0.28, 6.3km"
L02710,P0114,0.7854263620593896,0.0,none,Z16,"q=0.79, 0.0km"
L02710,P0115,0.44515780842641844,3.0,none,Z16,"q=0.45, 3.0km"
L02710,P0133,0.41781980052934714,2.23606797749979,none,Z16,"q=0.42, 2.2km"
L02729,P0077,0.5148702725237164,0.0,deadline,Z07,"q=0.51, 0.0km, priority lead"
L02729,P0141,0.44373154434458933,0.0,deadline,Z07,"q=0.44, 0.0km, priority lead"
L02729,P0110,0.33940086340409287,3.0,deadline,Z07,"q=0.34, 3.0km, priority lead"
L02733,P0038,0.7009416344801138,2.0,none,Z10,"q=0.70, 2.0km"
L02733,P0076,0.6763100075749034,0.0,none,Z10,"q=0.68, 0.0km"
L02733,P0166,0.6392185100410074,0.0,none,Z10,"q=0.64, 0.0km"
L02776,P0189,0.7653340425051728,0.0,emergency,Z10,"q=0.77, 0.0km, priority lead"
L02776,P0210,0.6527947565432566,4.0,emergency,Z10,"q=0.65, 4.0km, priority lead"
L02776,P0205,0.6419269341243509,4.0,emergency,Z10,"q=0.64, 4.0km, priority lead"
L02803,P0208,0.637277628824739,0.0,deadline,Z08,"q=0.64, 0.0km, priority lead"
L02803,P0215,0.6170253617351389,2.0,deadline,Z08,"q=0.62, 2.0km, priority lead"
L02803,P0110,0.5412006550821868,2.0,deadline,Z08,"q=0.54, 2.0km, priority lead"
L02804,P0214,0.795916910446043,0.0,deadline,Z23,"q=0.80, 0.0km, priority lead"
L02804,P0012,0.776067700096746,0.0,deadline,Z23,"q=0.78, 0.0km, priority lead"
L02804,P0001,0.5051484736979868,4.0,deadline,Z23,"q=0.51, 4.0km, priority lead"
L02812,P0188,0.7759610076203213,0.0,emergency,Z08,"q=0.78, 0.0km, priority lead"
L02812,P0118,0.7109305507212439,0.0,emergency,Z08,"q=0.71, 0.0km, priority lead"
L02812,P0095,0.6735309725405871,2.0,emergency,Z08,"q=0.67, 2.0km, priority lead"
L02829,P0158,0.7252531317486712,0.0,deadline,Z16,"q=0.73, 0.0km, priority lead"
L02829,P0128,0.5879723264938658,3.0,deadline,Z16,"q=0.59, 3.0km, priority lead"
L02829,P0033,0.39052657233224625,2.23606797749979,deadline,Z16,"q=0.39, 2.2km, priority lead"
L02862,P0117,0.8405651558621459,0.0,deadline,Z05,"q=0.84, 0.0km, priority lead"
L02862,P0055,0.7513288912526129,3.605551275463989,deadline,Z05,"q=0.75, 3.6km, priority lead"
L02862,P0028,0.6980596234779476,2.0,deadline,Z05,"q=0.70, 2.0km, priority lead"
L02872,P0120,0.8136790913046995,0.0,none,Z14,"q=0.81, 0.0km"
L02872,P0113,0.8022301398453193,0.0,none,Z14,"q=0.80, 0.0km"
L02872,P0046,0.7970750004265597,0.0,none,Z14,"q=0.80, 0.0km"
L02879,P0148,0.2216854621886716,0.0,none,Z25,"q=0.22, 0.0km"
L02894,P0166,0.5775807933337682,0.0,none,Z10,"q=0.58, 0.0km"
L02894,P0087,0.5585260261705557,0.0,none,Z10,"q=0.56, 0.0km"
L02894,P0153,0.47929256781322976,2.0,none,Z10,"q=0.48, 2.0km"
L02936,P0091,0.5235951298327115,0.0,none,Z25,"q=0.52, 0.0km"
L02936,P0102,0.5141615217152322,0.0,none,Z25,"q=0.51, 0.0km"
L02936,P0083,0.4345602021854425,0.0,none,Z25,"q=0.43, 0.0km"
L02959,P0165,0.7036218713841619,0.0,deadline,Z25,"q=0.70, 0.0km, priority lead"
L02959,P0027,0.6526828659843738,0.0,deadline,Z25,"q=0.65, 0.0km, priority lead"
L02959,P0089,0.639891586032215,0.0,deadline,Z25,"q=0.64, 0.0km, priority lead"
L02961,P0115,0.7274948670037293,0.0,emergency,Z18,"q=0.73, 0.0km, priority lead"
L02961,P0131,0.6256141065875374,1.4142135623730951,emergency,Z18,"q=0.63, 1.4km, priority lead"
L02961,P0133,0.6190231009066769,1.4142135623730951,emergency,Z18,"q=0.62, 1.4km, priority lead"
L02968,P0169,0.8074868754207826,0.0,deadline,Z01,"q=0.81, 0.0km, priority lead"
L02968,P0032,0.7518028857380253,2.23606797749979,deadline,Z01,"q=0.75, 2.2km, priority lead"
L02968,P0046,0.7372376269523014,5.385164807134504,deadline,Z01,"q=0.74, 5.4km, priority lead"
